{"accuracy": [0.8260758519172668, 0.9059819579124451, 0.9161675572395325, 0.9217582941055298, 0.9265666007995605, 0.927562415599823, 0.9327974915504456, 0.9328401684761047, 0.9337648749351501, 0.9344903826713562, 0.9348602294921875, 0.9342058300971985, 0.9334803223609924], "loss": [0.5808634757995605, 0.2933815121650696, 0.25591328740119934, 0.24308541417121887, 0.22574931383132935, 0.21916578710079193, 0.20539981126785278, 0.20247839391231537, 0.2027849704027176, 0.19669951498508453, 0.19933530688285828, 0.20105621218681335, 0.20395652949810028], "val_accuracy": [0.9370740652084351, 0.947296679019928, 0.9555883407592773, 0.9582008123397827, 0.9624034762382507, 0.9645615816116333, 0.9649023413658142, 0.9659245610237122, 0.9656974077224731, 0.9656974077224731, 0.966151773929596, 0.9671739935874939, 0.9662653207778931], "val_loss": [0.1946478635072708, 0.15142779052257538, 0.13442693650722504, 0.11741953343153, 0.10969710350036621, 0.10429876297712326, 0.10325095057487488, 0.10162424296140671, 0.10262346267700195, 0.1024102047085762, 0.10161883383989334, 0.10053449124097824, 0.10201425850391388]}